redundancy,what,dedup_rule,net_count
Combined vs per-source credible sets,"multibiobank_credible_sets_combined.parquet (10,072,543 rows) = concatenation of the 6 per-source files","Count credible sets ONCE via the combined table; per-source files are slices, not additional data","10,072,543 combined = sum of parts; do not add"
Byte-identical benchmark duplicates,negatives.parquet ≡ v2g_benchmark_negatives.parquet; positives_all10.parquet ≡ v2g_benchmark_positives.parquet (MD5-identical),Keep v2g_benchmark_* as canonical; the bare names are earlier working copies,"13,613 neg / 2,164 pos counted once"
Positives working versions,positives_6sources / positives_canonical / positives_all10 / v2g_benchmark_positives_enriched are stages of one build,"Canonical = v2g_benchmark_positives(_enriched); 2,164 positives total","2,164 (not 2,164×4)"
CRISPRi ENCODE-rE2G double role,Used as (a) concordance-test truth (666 matched pairs) and (b) inventory comparator,"ONE dataset (10,411 tested / 1,075 positive); two USES, not two datasets","1,075 positive pairs counted once"
DBNascent derived views,signed pairs (6.7M) / per-tissue obs (12.7M) / negatives (9.98M) / 3D-stringent (2.73M) are views of ONE source,"One source, four training views; do not sum the four Ns",6.7M unique signed pairs is the base unit
OT ENCODE-rE2G all vs distal,48.8M all links vs 10.37M distal — distal is the analysis subset,Report distal (10.37M) as the used set; 48.8M is the raw superset,"10,370,321 distal used"
Benchmark sources vs training data,V2G benchmark 8 sources (kanai/MPRA/etc.) are DISTINCT from DBNascent training + OT QTL,No overlap — benchmark is held-out; kept separate by design,independent
Metabolite-GWAS proxy superseded,"Old OT metabolite-keyword proxy (144,418 CS) replaced by real UKB metabolomics SuSiE CS (43,322)",Use UKB metabolomics fine-mapped set; drop the keyword proxy from the substrate,proxy retired
Kanai cross-biobank fine-mapping,Dropped per user (noisy 94-trait imputation fine-mapping) — but kanai_multiome_2025 in the benchmark is a DIFFERENT curated set,Excluded from substrate; benchmark's kanai_multiome is a separate validated-triplet source,excluded from substrate
